ID,original_length,rate_sim_1,dist_sim_1,rate_sim_2,dist_sim_2,rate_sim_5,dist_sim_5,rate_sim_10,dist_sim_10,rate_sim_20,dist_sim_20,rate_sim_40,dist_sim_40,rate_sim_60,dist_sim_60,rate_sim_80,dist_sim_80,rate_sim_100,dist_sim_100,rate_sim_1000,dist_sim_1000,rate_sim_10000,dist_sim_10000
1,588,0.8078231292517006,1.1065142938647852,0.7721088435374149,1.1100253224171044,0.717687074829932,3.9956173265701898,0.6785714285714286,7.615563452978403,0.6173469387755102,6.289599652089688,0.5204081632653061,26.997977122509738,0.39285714285714285,60.72011647082614,0.5289115646258503,67.59134240647046,0.5663265306122449,60.86976500734676,0.26360544217687076,837.3796449459421,0.3299319727891156,5226.325420647188
2,1674,0.9008363201911589,1.1845725947546,0.8912783751493429,2.36517184104972,0.8757467144563919,5.050268708169071,0.8560334528076463,10.584912894520606,0.8261648745519713,19.858396382152442,0.7951015531660693,40.194006245090904,0.7670250896057348,60.13246679419363,0.7479091995221028,80.56096008442383,0.7228195937873357,100.41940934705505,0.4103942652329749,1005.4928272918046,0.7700119474313023,8705.426539734566